scenario,plan,seed,execution_time,timeout
1,1,12,227.08971118927002,600
1,2,14,228.7111690044403,600
1,3,16,212.35363483428955,600
1,4,18,211.1114001274109,600
1,5,20,240.70649218559265,600
