scenario,plan,seed,execution_time,timeout
6,1,62,57.11430907249451,600
6,2,64,78.28953194618225,600
6,3,66,71.36368370056152,600
6,4,68,72.20222806930542,600
6,5,70,72.91522598266602,600
