scenario,plan,seed,execution_time,timeout
5,1,52,227.1279535293579,600
5,2,54,14.24151062965393,600
5,3,56,237.21768283843994,600
5,4,58,227.11775135993958,600
5,5,60,234.4802601337433,600
